"0","task5 = availability |>"
"0","  dplyr::filter(month == ""2026-10"") |>"
"0","  dplyr::inner_join("
"0","    listings |>"
"0","      dplyr::filter(room_type == ""Entire home/apt"") |>"
"0","      dplyr::select(id, city),"
"0","    by = ""id"""
"0","  ) |>"
"0","  dplyr::mutate("
"0","    mostly_taken = nights_available < 0.5 * nights_in_month"
"0","  ) |>"
"0","  dplyr::group_by(city) |>"
"0","  dplyr::summarize("
"0","    percent_mostly_taken = 100 * mean(mostly_taken, na.rm = TRUE)"
"0","  ) |>"
"0","  dplyr::arrange(percent_mostly_taken)"
"0",""
"0","task5 |>"
"0","  dplyr::slice(1) |>"
"0","  dplyr::mutate("
"0","    percent_mostly_taken = round(percent_mostly_taken, 1))"
