"0","task7 = listings |>"
"0","  dplyr::filter("
"0","    room_type == ""Entire home/apt"","
"0","    host_is_superhost %in% c(""t"", ""f"")) |>"
"0","  dplyr::group_by(city, host_is_superhost) |>"
"0","  dplyr::summarize("
"0","    median_price = median(price, na.rm = TRUE),"
"0","    median_rating = median(review_scores_rating, na.rm = TRUE),.groups = ""drop"")"
"0","premiums = task7 |>"
"0","  dplyr::select(city, host_is_superhost, median_price) |>"
"0","  tidyr::pivot_wider("
"0","    names_from = host_is_superhost,"
"0","    values_from = median_price) |>"
"0","  dplyr::mutate(premium = t - f) |>"
"0","  dplyr::select(city, premium)"
"0",""
"0","premiums"
