"0","task6 = reviews |>"
"0","  dplyr::inner_join("
"0","    listings |>"
"0","      dplyr::select(id, city),"
"0","    by = ""id"""
"0","  ) |>"
"0","  dplyr::filter("
"0","    month >= ""2025-07"","
"0","    month <= ""2026-06"""
"0","  ) |>"
"0","  dplyr::group_by(city, month) |>"
"0","  dplyr::summarize("
"0","    total_reviews = sum(reviews, na.rm = TRUE),"
"0","    .groups = ""drop"""
"0","  )"
"0",""
"0","twin_cities = task6 |>"
"0","  dplyr::filter(city == ""Twin Cities"")"
"0",""
"0","twin_cities |>"
"0","  dplyr::summarize("
"0","    busiest_month = month[which.max(total_reviews)],"
"0","    ratio = round(max(total_reviews) / min(total_reviews), 2))"
