"0","task4 = listings |>"
"0","  dplyr::group_by(city) |>"
"0","  dplyr::arrange(dplyr::desc(estimated_revenue_l365d), .by_group = TRUE) |>"
"0","  dplyr::mutate("
"0","    top_10 = dplyr::row_number() <= ceiling(0.10 * dplyr::n())"
"0","  ) |>"
"0","  dplyr::summarize("
"0","    top_10_revenue = sum(estimated_revenue_l365d[top_10], na.rm = TRUE),"
"0","    total_revenue = sum(estimated_revenue_l365d, na.rm = TRUE),"
"0","    percent = 100 * top_10_revenue / total_revenue"
"0","  )"
"0",""
"0","task4 |>"
"0","  dplyr::filter(city == ""Columbus"") |>"
"0","  dplyr::mutate(percent = round(percent, 1)) |>"
"0","  dplyr::select(percent)"
