"0","# checking whether we are allowed to scrape this info"
"0","# This was done above and fouund to be TRUE"
"0",""
"0","# I will load the backend of the HTML into R using"
"0","# [a] rvest::read_html() | sometyimes rvest::read_html_live if the page jas some dynamic content"
"0","#[b] n some cases, we will craft this as a request as shown in slides httr2::request()>...> httr2::resp_body_html("
"0","isa_courses_in_r = rvest::read_html(""https://bulletin.miamioh.edu/courses-instruction/isa/"")"
"0",""
"0","#we will extract the course titles. which we can do in a single pipeline"
"0","# given that they look the same on the rendered web page in Chrome"
"0","# (bolded, same font size and same font type)"
"0",""
"0","# CSS selected was obtained by:"
"0","#[a] highlighting what we wanted to pull (ISA 401 course title) -> "
"0","# inspect -> right click -> copy -> copy selector"
"0","#[b] from this specific example, we were able to get just the title for ISA 401"
"0","# because we had `:nth-child(24)` -> if you were to drop it -> you get all of the course titles "
"0","isa_courses_in_r |> "
"0","  rvest::html_elements(""#sc_sccoursedescs > div > p.courseblocktitle > strong"") |> "
"0","  rvest::html_text2() -> isa_titles"
"0",""
"0","#course descriptions [using selector gadget which does not always work]"
"0","isa_courses_in_r |> "
"0","  rvest::html_elements("".courseblockdesc"") |> "
"0","  rvest::html_text2() -> isa_desc"
"0","df = data.frame(title = isa_titles, descriptions = isa_desc)"
"0",""
