"0","task2 = listings |>"
"0","  dplyr::filter("
"0","    room_type == ""Entire home/apt"","
"0","    accommodates >= 4,"
"0","    number_of_reviews >= 10,"
"0","    review_scores_rating >= 4.8"
"0","  ) |>"
"0","  dplyr::mutate(price_per_person = price / accommodates) |>"
"0","  dplyr::group_by(city, neighbourhood) |>"
"0","  dplyr::summarize("
"0","    median_price = median(price_per_person, na.rm = TRUE),"
"0","    n = dplyr::n()"
"0","  ) |>"
"0","  dplyr::filter(n >= 20, city == ""Columbus"") |>"
"0","  dplyr::arrange(median_price)"
"0",""
"0","task2"
